<?xml version="1.0" ?><response>
<statusCode>200</statusCode>
<statusText>Ok</statusText>
<data>
<runs>1</runs>
<average>
<firstView>
<loadTime>11828</loadTime>
<TTFB>926</TTFB>
<bytesIn>1671787</bytesIn>
<bytesInDoc>1612876</bytesInDoc>
<requests>180</requests>
<requestsDoc>163</requestsDoc>
<render>6837</render>
<fullyLoaded>15099</fullyLoaded>
<docTime>11828</docTime>
<domTime>0</domTime>
<avgRun>1</avgRun>
</firstView>
</average>
<median>
<firstView>
<run>1</run>
<URL>http://www.cnn.com/</URL>
<loadTime>11828</loadTime>
<TTFB>926</TTFB>
<bytesOut>98691</bytesOut>
<bytesOutDoc>87510</bytesOutDoc>
<bytesIn>1671787</bytesIn>
<bytesInDoc>1612876</bytesInDoc>
<requests>180</requests>
<requestsDoc>163</requestsDoc>
<result>0</result>
<render>6837</render>
<fullyLoaded>15099</fullyLoaded>
<cached>0</cached>
<web>1</web>
<docTime>11828</docTime>
<domTime>0</domTime>
<score_cache>47</score_cache>
<score_cdn>95</score_cdn>
<score_gzip>32</score_gzip>
<score_cookies>91</score_cookies>
<score_keep-alive>99</score_keep-alive>
<score_minify>83</score_minify>
<score_combine>0</score_combine>
<score_compress>56</score_compress>
<score_etags>97</score_etags>
<date>1297086142</date>
</firstView>
</median>
<run>
<id>1</id>
<firstView>
<results>
<URL>http://www.cnn.com/</URL>
<loadTime>11828</loadTime>
<TTFB>926</TTFB>
<bytesOut>98691</bytesOut>
<bytesOutDoc>87510</bytesOutDoc>
<bytesIn>1671787</bytesIn>
<bytesInDoc>1612876</bytesInDoc>
<requests>180</requests>
<requestsDoc>163</requestsDoc>
<result>0</result>
<render>6837</render>
<fullyLoaded>15099</fullyLoaded>
<cached>0</cached>
<web>1</web>
<docTime>11828</docTime>
<domTime>0</domTime>
<score_cache>47</score_cache>
<score_cdn>95</score_cdn>
<score_gzip>32</score_gzip>
<score_cookies>91</score_cookies>
<score_keep-alive>99</score_keep-alive>
<score_minify>83</score_minify>
<score_combine>0</score_combine>
<score_compress>56</score_compress>
<score_etags>97</score_etags>
<date>1297086142</date>
</results>
<pages>
<details>http://latencylab/result/110207_2E_f676f62e1885b21c92365c8cac42df57/1/details/</details>
<checklist>http://latencylab/result/110207_2E_f676f62e1885b21c92365c8cac42df57/1/performance_optimization/</checklist>
<report>http://latencylab/result/110207_2E_f676f62e1885b21c92365c8cac42df57/1/optimization_report/</report>
<breakdown>http://latencylab/result/110207_2E_f676f62e1885b21c92365c8cac42df57/1/breakdown/</breakdown>
<domains>http://latencylab/result/110207_2E_f676f62e1885b21c92365c8cac42df57/1/domains/</domains>
<screenShot>http://latencylab/result/110207_2E_f676f62e1885b21c92365c8cac42df57/1/screen_shot/</screenShot>
</pages>
<thumbnails>
<waterfall>http://latencylab/result/110207_2E_f676f62e1885b21c92365c8cac42df57/1_waterfall_thumb.png</waterfall>
<checklist>http://latencylab/result/110207_2E_f676f62e1885b21c92365c8cac42df57/1_optimization_thumb.png</checklist>
<screenShot>http://latencylab/result/110207_2E_f676f62e1885b21c92365c8cac42df57/1_screen_thumb.jpg</screenShot>
</thumbnails>
<images>
<waterfall>http://latencylab/results/11/02/07/2E/f676f62e1885b21c92365c8cac42df57/1_waterfall.png</waterfall>
<connectionView>http://latencylab/results/11/02/07/2E/f676f62e1885b21c92365c8cac42df57/1_connection.png</connectionView>
<checklist>http://latencylab/results/11/02/07/2E/f676f62e1885b21c92365c8cac42df57/1_optimization.png</checklist>
<screenShot>http://latencylab/results/11/02/07/2E/f676f62e1885b21c92365c8cac42df57/1_screen.jpg</screenShot>
</images>
<rawData>
<headers>http://latencylab/results/11/02/07/2E/f676f62e1885b21c92365c8cac42df57/1_report.txt</headers>
<pageData>http://latencylab/results/11/02/07/2E/f676f62e1885b21c92365c8cac42df57/1_IEWPG.txt</pageData>
<requestsData>http://latencylab/results/11/02/07/2E/f676f62e1885b21c92365c8cac42df57/1_IEWTR.txt</requestsData>
<utilization>http://latencylab/results/11/02/07/2E/f676f62e1885b21c92365c8cac42df57/1_progress.csv</utilization>
</rawData>
</firstView>
</run>
</data>
</response>