<?xml version="1.0" ?><response>
<statusCode>200</statusCode>
<statusText>Ok</statusText>
<data>
<runs>1</runs>
<average>
<firstView>
<loadTime>5690</loadTime>
<TTFB>182</TTFB>
<bytesIn>446386</bytesIn>
<bytesInDoc>438040</bytesInDoc>
<requests>45</requests>
<requestsDoc>44</requestsDoc>
<render>3136</render>
<fullyLoaded>5910</fullyLoaded>
<docTime>5690</docTime>
<domTime>0</domTime>
<avgRun>1</avgRun>
</firstView>
</average>
<median>
<firstView>
<run>1</run>
<URL>http://www.apple.com/</URL>
<loadTime>5690</loadTime>
<TTFB>182</TTFB>
<bytesOut>34776</bytesOut>
<bytesOutDoc>33646</bytesOutDoc>
<bytesIn>446386</bytesIn>
<bytesInDoc>438040</bytesInDoc>
<requests>45</requests>
<requestsDoc>44</requestsDoc>
<result>0</result>
<render>3136</render>
<fullyLoaded>5910</fullyLoaded>
<cached>0</cached>
<web>1</web>
<docTime>5690</docTime>
<domTime>0</domTime>
<score_cache>0</score_cache>
<score_cdn>100</score_cdn>
<score_gzip>100</score_gzip>
<score_cookies>44</score_cookies>
<score_keep-alive>100</score_keep-alive>
<score_minify>80</score_minify>
<score_combine>0</score_combine>
<score_compress>92</score_compress>
<score_etags>17</score_etags>
<date>1297086149</date>
</firstView>
</median>
<run>
<id>1</id>
<firstView>
<results>
<URL>http://www.apple.com/</URL>
<loadTime>5690</loadTime>
<TTFB>182</TTFB>
<bytesOut>34776</bytesOut>
<bytesOutDoc>33646</bytesOutDoc>
<bytesIn>446386</bytesIn>
<bytesInDoc>438040</bytesInDoc>
<requests>45</requests>
<requestsDoc>44</requestsDoc>
<result>0</result>
<render>3136</render>
<fullyLoaded>5910</fullyLoaded>
<cached>0</cached>
<web>1</web>
<docTime>5690</docTime>
<domTime>0</domTime>
<score_cache>0</score_cache>
<score_cdn>100</score_cdn>
<score_gzip>100</score_gzip>
<score_cookies>44</score_cookies>
<score_keep-alive>100</score_keep-alive>
<score_minify>80</score_minify>
<score_combine>0</score_combine>
<score_compress>92</score_compress>
<score_etags>17</score_etags>
<date>1297086149</date>
</results>
<pages>
<details>http://latencylab/result/110207_CW_2e9e13fd53c8409fc494be0b2caf53a2/1/details/</details>
<checklist>http://latencylab/result/110207_CW_2e9e13fd53c8409fc494be0b2caf53a2/1/performance_optimization/</checklist>
<report>http://latencylab/result/110207_CW_2e9e13fd53c8409fc494be0b2caf53a2/1/optimization_report/</report>
<breakdown>http://latencylab/result/110207_CW_2e9e13fd53c8409fc494be0b2caf53a2/1/breakdown/</breakdown>
<domains>http://latencylab/result/110207_CW_2e9e13fd53c8409fc494be0b2caf53a2/1/domains/</domains>
<screenShot>http://latencylab/result/110207_CW_2e9e13fd53c8409fc494be0b2caf53a2/1/screen_shot/</screenShot>
</pages>
<thumbnails>
<waterfall>http://latencylab/result/110207_CW_2e9e13fd53c8409fc494be0b2caf53a2/1_waterfall_thumb.png</waterfall>
<checklist>http://latencylab/result/110207_CW_2e9e13fd53c8409fc494be0b2caf53a2/1_optimization_thumb.png</checklist>
<screenShot>http://latencylab/result/110207_CW_2e9e13fd53c8409fc494be0b2caf53a2/1_screen_thumb.jpg</screenShot>
</thumbnails>
<images>
<waterfall>http://latencylab/results/11/02/07/CW/2e9e13fd53c8409fc494be0b2caf53a2/1_waterfall.png</waterfall>
<connectionView>http://latencylab/results/11/02/07/CW/2e9e13fd53c8409fc494be0b2caf53a2/1_connection.png</connectionView>
<checklist>http://latencylab/results/11/02/07/CW/2e9e13fd53c8409fc494be0b2caf53a2/1_optimization.png</checklist>
<screenShot>http://latencylab/results/11/02/07/CW/2e9e13fd53c8409fc494be0b2caf53a2/1_screen.jpg</screenShot>
</images>
<rawData>
<headers>http://latencylab/results/11/02/07/CW/2e9e13fd53c8409fc494be0b2caf53a2/1_report.txt</headers>
<pageData>http://latencylab/results/11/02/07/CW/2e9e13fd53c8409fc494be0b2caf53a2/1_IEWPG.txt</pageData>
<requestsData>http://latencylab/results/11/02/07/CW/2e9e13fd53c8409fc494be0b2caf53a2/1_IEWTR.txt</requestsData>
<utilization>http://latencylab/results/11/02/07/CW/2e9e13fd53c8409fc494be0b2caf53a2/1_progress.csv</utilization>
</rawData>
</firstView>
</run>
</data>
</response>