<?xml version="1.0" ?><response>
<statusCode>200</statusCode>
<statusText>Ok</statusText>
<data>
<runs>1</runs>
<average>
<firstView>
<loadTime>1276</loadTime>
<TTFB>194</TTFB>
<bytesIn>159461</bytesIn>
<bytesInDoc>152494</bytesInDoc>
<requests>11</requests>
<requestsDoc>9</requestsDoc>
<render>871</render>
<fullyLoaded>1750</fullyLoaded>
<docTime>1276</docTime>
<domTime>0</domTime>
<avgRun>1</avgRun>
</firstView>
</average>
<median>
<firstView>
<run>1</run>
<URL>http://www.google.com/</URL>
<loadTime>1276</loadTime>
<TTFB>194</TTFB>
<bytesOut>6928</bytesOut>
<bytesOutDoc>5565</bytesOutDoc>
<bytesIn>159461</bytesIn>
<bytesInDoc>152494</bytesInDoc>
<requests>11</requests>
<requestsDoc>9</requestsDoc>
<result>0</result>
<render>871</render>
<fullyLoaded>1750</fullyLoaded>
<cached>0</cached>
<web>1</web>
<docTime>1276</docTime>
<domTime>0</domTime>
<score_cache>100</score_cache>
<score_cdn>100</score_cdn>
<score_gzip>100</score_gzip>
<score_cookies>18</score_cookies>
<score_keep-alive>100</score_keep-alive>
<score_minify>100</score_minify>
<score_combine>100</score_combine>
<score_compress>100</score_compress>
<score_etags>100</score_etags>
<date>1297086145</date>
</firstView>
</median>
<run>
<id>1</id>
<firstView>
<results>
<URL>http://www.google.com/</URL>
<loadTime>1276</loadTime>
<TTFB>194</TTFB>
<bytesOut>6928</bytesOut>
<bytesOutDoc>5565</bytesOutDoc>
<bytesIn>159461</bytesIn>
<bytesInDoc>152494</bytesInDoc>
<requests>11</requests>
<requestsDoc>9</requestsDoc>
<result>0</result>
<render>871</render>
<fullyLoaded>1750</fullyLoaded>
<cached>0</cached>
<web>1</web>
<docTime>1276</docTime>
<domTime>0</domTime>
<score_cache>100</score_cache>
<score_cdn>100</score_cdn>
<score_gzip>100</score_gzip>
<score_cookies>18</score_cookies>
<score_keep-alive>100</score_keep-alive>
<score_minify>100</score_minify>
<score_combine>100</score_combine>
<score_compress>100</score_compress>
<score_etags>100</score_etags>
<date>1297086145</date>
</results>
<pages>
<details>http://latencylab/result/110207_N2_973817d03e182b905a10dc5ea054e511/1/details/</details>
<checklist>http://latencylab/result/110207_N2_973817d03e182b905a10dc5ea054e511/1/performance_optimization/</checklist>
<report>http://latencylab/result/110207_N2_973817d03e182b905a10dc5ea054e511/1/optimization_report/</report>
<breakdown>http://latencylab/result/110207_N2_973817d03e182b905a10dc5ea054e511/1/breakdown/</breakdown>
<domains>http://latencylab/result/110207_N2_973817d03e182b905a10dc5ea054e511/1/domains/</domains>
<screenShot>http://latencylab/result/110207_N2_973817d03e182b905a10dc5ea054e511/1/screen_shot/</screenShot>
</pages>
<thumbnails>
<waterfall>http://latencylab/result/110207_N2_973817d03e182b905a10dc5ea054e511/1_waterfall_thumb.png</waterfall>
<checklist>http://latencylab/result/110207_N2_973817d03e182b905a10dc5ea054e511/1_optimization_thumb.png</checklist>
<screenShot>http://latencylab/result/110207_N2_973817d03e182b905a10dc5ea054e511/1_screen_thumb.jpg</screenShot>
</thumbnails>
<images>
<waterfall>http://latencylab/results/11/02/07/N2/973817d03e182b905a10dc5ea054e511/1_waterfall.png</waterfall>
<connectionView>http://latencylab/results/11/02/07/N2/973817d03e182b905a10dc5ea054e511/1_connection.png</connectionView>
<checklist>http://latencylab/results/11/02/07/N2/973817d03e182b905a10dc5ea054e511/1_optimization.png</checklist>
<screenShot>http://latencylab/results/11/02/07/N2/973817d03e182b905a10dc5ea054e511/1_screen.jpg</screenShot>
</images>
<rawData>
<headers>http://latencylab/results/11/02/07/N2/973817d03e182b905a10dc5ea054e511/1_report.txt</headers>
<pageData>http://latencylab/results/11/02/07/N2/973817d03e182b905a10dc5ea054e511/1_IEWPG.txt</pageData>
<requestsData>http://latencylab/results/11/02/07/N2/973817d03e182b905a10dc5ea054e511/1_IEWTR.txt</requestsData>
<utilization>http://latencylab/results/11/02/07/N2/973817d03e182b905a10dc5ea054e511/1_progress.csv</utilization>
</rawData>
</firstView>
</run>
</data>
</response>